insert into author (id, name, photo, slug) values (1, 'Erda Tofts', '', '');
insert into author (id, name, photo, slug) values (2, 'Magdalen Edgell', '', '');
insert into author (id, name, photo, slug) values (3, 'Wylie Hanselman', '', '');
insert into author (id, name, photo, slug) values (4, 'Pavel Mourant', '', '');
insert into author (id, name, photo, slug) values (5, 'Almeda Bertelmot', '', '');
insert into author (id, name, photo, slug) values (6, 'Iain Platfoot', '', '');
insert into author (id, name, photo, slug) values (7, 'Basile MacKissack', '', '');
insert into author (id, name, photo, slug) values (8, 'Erl Tomlins', '', '');
insert into author (id, name, photo, slug) values (9, 'Carley Niven', '', '');
insert into author (id, name, photo, slug) values (10, 'Anastasie Hughson', '', '');
insert into author (id, name, photo, slug) values (11, 'Doria Derges', '', '');
insert into author (id, name, photo, slug) values (12, 'Leonore Crampin', '', '');
insert into author (id, name, photo, slug) values (13, 'Harmony Verring', '', '');
insert into author (id, name, photo, slug) values (14, 'Marsha Perel', '', '');
insert into author (id, name, photo, slug) values (15, 'Crystie MacIlory', '', '');
insert into author (id, name, photo, slug) values (16, 'Ginger Ben', '', '');
insert into author (id, name, photo, slug) values (17, 'Lindy Parlour', '', '');
insert into author (id, name, photo, slug) values (18, 'Arliene Raddish', '', '');
insert into author (id, name, photo, slug) values (19, 'Ches Infante', '', '');
insert into author (id, name, photo, slug) values (20, 'Normy Hasney', '', '');
insert into author (id, name, photo, slug) values (21, 'Agace Novic', '', '');

insert into book (id, description, discount, image, is_bestseller, price, pub_date, slug, title) values (1, '', 96, '', 19, 73, '2022/07/01', '', 'Parenthood');
insert into book (id, description, discount, image, is_bestseller, price, pub_date, slug, title) values (2, '', 37, '', 17, 1, '2022/02/06', '', 'Face in the Crowd, A');
insert into book (id, description, discount, image, is_bestseller, price, pub_date, slug, title) values (3, '', 34, '', 81, 82, '2022/04/02', '', 'Noose, The (Petla)');
insert into book (id, description, discount, image, is_bestseller, price, pub_date, slug, title) values (4, '', 16, '', 89, 5, '2022/06/11', '', 'Little Otik (Otesánek)');
insert into book (id, description, discount, image, is_bestseller, price, pub_date, slug, title) values (5, '', 65, '', 41, 96, '2022/07/09', '', 'Hollywoodland');
insert into book (id, description, discount, image, is_bestseller, price, pub_date, slug, title) values (6, '', 33, '', 23, 69, '2022/05/22', '', 'What to Do in Case of Fire (Was tun, wenn''s brennt?)');
insert into book (id, description, discount, image, is_bestseller, price, pub_date, slug, title) values (7, '', 29, '', 13, 80, '2021/12/17', '', 'Evelyn Prentice');
insert into book (id, description, discount, image, is_bestseller, price, pub_date, slug, title) values (8, '', 39, '', 25, 41, '2021/12/08', '', 'Captive Women (1000 Years from Now) (3000 A.D.)');
insert into book (id, description, discount, image, is_bestseller, price, pub_date, slug, title) values (9, '', 77, '', 57, 3, '2022/06/16', '', 'Love and Death on Long Island');
insert into book (id, description, discount, image, is_bestseller, price, pub_date, slug, title) values (10, '', 12, '', 94, 61, '2022/01/13', '', 'Reluctant Fundamentalist, The');
insert into book (id, description, discount, image, is_bestseller, price, pub_date, slug, title) values (11, '', 80, '', 26, 58, '2022/06/27', '', 'I Love Sarah Jane');
insert into book (id, description, discount, image, is_bestseller, price, pub_date, slug, title) values (12, '', 74, '', 58, 57, '2022/01/23', '', 'Blood Runs Cold');
insert into book (id, description, discount, image, is_bestseller, price, pub_date, slug, title) values (13, '', 46, '', 33, 82, '2022/04/08', '', 'Sanshiro Sugata (Judo Saga) (Sugata Sanshirô)');
insert into book (id, description, discount, image, is_bestseller, price, pub_date, slug, title) values (14, '', 28, '', 18, 98, '2022/08/10', '', 'Beat Street');
insert into book (id, description, discount, image, is_bestseller, price, pub_date, slug, title) values (15, '', 69, '', 52, 88, '2022/09/08', '', 'The Eagle and the Hawk');
insert into book (id, description, discount, image, is_bestseller, price, pub_date, slug, title) values (16, '', 79, '', 37, 100, '2022/08/10', '', 'God''s Puzzle (Kamisama no pazuru)');
insert into book (id, description, discount, image, is_bestseller, price, pub_date, slug, title) values (17, '', 45, '', 98, 33, '2022/10/02', '', 'Transformers: Dark of the Moon');
insert into book (id, description, discount, image, is_bestseller, price, pub_date, slug, title) values (18, '', 62, '', 85, 32, '2022/07/04', '', 'Happening, The');
insert into book (id, description, discount, image, is_bestseller, price, pub_date, slug, title) values (19, '', 74, '', 25, 13, '2022/01/30', '', 'Brigham Young');
insert into book (id, description, discount, image, is_bestseller, price, pub_date, slug, title) values (20, '', 30, '', 49, 60, '2022/04/17', '', 'Che: Part One');
insert into book (id, description, discount, image, is_bestseller, price, pub_date, slug, title) values (21, '', 77, '', 71, 50, '2022/04/19', '', 'Category 7: The End of the World');

insert into book2author (id, author_id, book_id) values (1, 1, 1);
insert into book2author (id, author_id, book_id) values (2, 7, 2);
insert into book2author (id, author_id, book_id) values (3, 4, 3);
insert into book2author (id, author_id, book_id) values (4, 16, 4);
insert into book2author (id, author_id, book_id) values (5, 7, 5);
insert into book2author (id, author_id, book_id) values (6, 2, 6);
insert into book2author (id, author_id, book_id) values (7, 14, 7);
insert into book2author (id, author_id, book_id) values (8, 10, 8);
insert into book2author (id, author_id, book_id) values (9, 3, 9);
insert into book2author (id, author_id, book_id) values (10, 5, 10);
insert into book2author (id, author_id, book_id) values (11, 5, 11);
insert into book2author (id, author_id, book_id) values (12, 19, 12);
insert into book2author (id, author_id, book_id) values (13, 5, 13);
insert into book2author (id, author_id, book_id) values (14, 1, 14);
insert into book2author (id, author_id, book_id) values (15, 17, 15);
insert into book2author (id, author_id, book_id) values (16, 19, 16);
insert into book2author (id, author_id, book_id) values (17, 9, 17);
insert into book2author (id, author_id, book_id) values (18, 2, 18);
insert into book2author (id, author_id, book_id) values (19, 4, 19);
insert into book2author (id, author_id, book_id) values (20, 16, 20);
insert into book2author (id, author_id, book_id) values (21, 21, 21);

insert into genre (id, name, parent_id, slug) values (1, 'Fantasy', 0, 'This is slug');
insert into book2genre (id, book_id, genre_id) values (1, 1, 1);
insert into book2genre (id, book_id, genre_id) values (1, 2, 1);

insert into users (id, balance, hash, name, reg_time) values (1, 1000, '0hash', 'Joshe', '2022-11-11 15:00:00');
insert into users (id, balance, hash, name, reg_time) values (2, 10000, '1hash', 'Timmy', '2022-11-11 15:00:00');
insert into book2user (id, book_id, time, type_id, user_id) values (1, 1, '2022-11-11 15:00:00', 1, 1);
insert into book2user (id, book_id, time, type_id, user_id) values (2, 2, '2022-11-11 15:00:00', 1, 1);
insert into book2user (id, book_id, time, type_id, user_id) values (3, 1, '2022-11-11 15:00:00', 1, 2);

insert into file_download (id, user_id, book_id, count) values (1, 1, 1, 100);
insert into file_download (id, user_id, book_id, count) values (2, 1, 2, 200);
insert into file_download (id, user_id, book_id, count) values (3, 2, 2, 300);

insert into balance_transaction (id, user_id, time, value, book_id, description) values (1, 1, '2022-11-11 15:00:00', 100, 1, 'description');
insert into balance_transaction (id, user_id, time, value, book_id, description) values (2, 1, '2022-11-11 15:00:00', 200, 1, 'description2');
insert into balance_transaction (id, user_id, time, value, book_id, description) values (3, 2, '2022-11-11 15:00:00', 300, 1, 'description3');

insert into book_review (id, book_id, user_id, time, text) values (1, 1, 1, '2022-11-11 15:00:00', 'text');
insert into book_review (id, book_id, user_id, time, text) values (2, 1, 1, '2022-11-11 15:00:00', 'text2');
insert into book_review (id, book_id, user_id, time, text) values (3, 1, 2, '2022-11-11 15:00:00', 'text3');

insert into user_contact (id, approved, code, code_time, code_trails, contact, type, user_id) values (1, 0, 'code', '2022-11-11 15:00:00', 0, 'contact', 1, 1);
insert into user_contact (id, approved, code, code_time, code_trails, contact, type, user_id) values (2, 0, 'code2', '2022-11-11 15:00:00', 0, 'contact2', 0, 2);

insert into message (id, email, name, subject, text, time, user_id) values (1, 'email', 'name', 'subject', 'text', '2022-11-11 15:00:00', 1);
insert into message (id, email, name, subject, text, time, user_id) values (2, 'email2', 'name2', 'subject2', 'text2', '2022-11-11 15:00:00', 2);

insert into book_review_like (id, review_id, time, user_id, value) values (1, 1, '2022-11-11 15:00:00', 1, 100);
insert into book_review_like (id, review_id, time, user_id, value) values (2, 1, '2022-11-11 15:00:00', 2, 100);
insert into book_review_like (id, review_id, time, user_id, value) values (3, 2, '2022-11-11 15:00:00', 2, 100);
